{"cameraMode":{"drawMode":0,"name":"Shaded","section":"Shading Mode"},"sceneLighting":true,"audioPlay":false,"sceneViewState":{"showFog":true,"showMaterialUpdate":false,"showSkybox":true,"showFlares":true,"showImageEffects":true,"showParticleSystems":true},"in2DMode":false,"pivot":{"x":-0.3860419988632202,"y":0.14045429229736329,"z":1.5628361701965333},"rotation":{"x":-0.24908442795276643,"y":0.12221484631299973,"z":-0.03170333802700043,"w":-0.960220217704773},"size":5.371577262878418,"orthographic":false}