{"cameraMode":{"drawMode":0,"name":"Shaded","section":"Shading Mode"},"sceneLighting":true,"audioPlay":false,"sceneViewState":{"showFog":true,"showMaterialUpdate":false,"showSkybox":true,"showFlares":true,"showImageEffects":true,"showParticleSystems":true},"in2DMode":false,"pivot":{"x":2.7570691108703615,"y":0.39283180236816409,"z":-0.75},"rotation":{"x":0.015249267220497132,"y":0.9812250137329102,"z":-0.17127349972724915,"w":0.08736345171928406},"size":80.02074432373047,"orthographic":true}